day, month ,year ,hour ,minute ,temperature ,humidity ,wind_speed ,visibility,
01,01,2018,00,00,67,67,9.3,1.2,
01,01,2018,00,30,67,67,5.6,1.2,
01,01,2018,01,00,67,67,5.6,1.2,
01,01,2018,01,30,67,67,5.6,1.2,
01,01,2018,02,00,72,72,5.6,1.2,
01,01,2018,02,30,67,67,3.7,1,
01,01,2018,02,30,67,67,5.6,1.2,
01,01,2018,03,00,63,63,5.6,1.2,
01,01,2018,03,30,63,63,3.7,1.2,
01,01,2018,04,00,71,71,0.0,1.2,
01,01,2018,04,30,72,72,3.7,1.2,
01,01,2018,05,00,72,72,1.9,1.2,
01,01,2018,05,30,75,75,0.0,1,
01,01,2018,06,00,87,87,0.0,1.2,
01,01,2018,06,30,87,87,0.0,1.2,
01,01,2018,08,30,70,70,0.0,1,
01,01,2018,09,00,63,63,0.0,0.8,
01,01,2018,09,30,52,52,0.0,1.0,
01,01,2018,11,00,43,43,5.6,1.2,
01,01,2018,11,30,37,37,0.0,1,
01,01,2018,12,00,43,43,7.4,1.2,
01,01,2018,13,00,38,38,13.0,1.6,
01,01,2018,13,30,33,33,13.0,1.6,
01,01,2018,14,00,22,22,13.0,1.6,
01,01,2018,14,30,16,16,9.3,1,
01,01,2018,15,00,17,17,11.1,1.9,
01,01,2018,16,00,20,20,9.3,1.9,
01,01,2018,16,30,23,23,9.3,1.9,
01,01,2018,17,00,25,25,7.4,1.9,
01,01,2018,17,30,16,16,9.3,1,
01,01,2018,17,30,26,26,5.6,1.6,
01,01,2018,18,00,26,26,3.7,1.2,
01,01,2018,18,30,28,28,1.9,1.2,
01,01,2018,19,00,34,34,0.0,1.2,
01,01,2018,19,30,37,37,0.0,1.2,
01,01,2018,20,00,37,37,0.0,1.2,
01,01,2018,20,30,32,32,0.0,1,
01,01,2018,20,30,42,42,0.0,1.2,
01,01,2018,21,30,51,51,0.0,1.2,
01,01,2018,23,00,62,62,0.0,1.2,
01,01,2018,23,30,51,51,0.0,1,
02,01,2018,00,00,67,67,0.0,1.2,
02,01,2018,00,30,67,67,0.0,1.2,
02,01,2018,01,30,71,71,0.0,1.2,
02,01,2018,02,00,76,76,0.0,1.2,
02,01,2018,02,30,68,68,0.0,1,
02,01,2018,02,30,76,76,0.0,1.2,
02,01,2018,03,00,82,82,0.0,1.2,
02,01,2018,03,30,76,76,0.0,1.2,
02,01,2018,04,30,82,82,0.0,1.2,
02,01,2018,05,00,87,87,0.0,1.2,
02,01,2018,05,30,89,89,0.0,1,
02,01,2018,05,30,87,87,0.0,1.2,
02,01,2018,06,30,93,93,0.0,1.2,
02,01,2018,07,00,87,87,0.0,0.9,
02,01,2018,07,30,93,93,0.0,0.7,
02,01,2018,08,00,93,93,0.0,0.7,
02,01,2018,08,30,69,69,0.0,1,
02,01,2018,08,30,88,88,0.0,0.7,
02,01,2018,09,00,67,67,0.0,0.7,
02,01,2018,09,30,45,45,0.0,0.9,
02,01,2018,10,00,39,39,0.0,1.0,
02,01,2018,11,00,35,35,0.0,1.2,
02,01,2018,11,30,21,21,0.0,1,
02,01,2018,11,30,30,30,0.0,1.2,
02,01,2018,12,30,30,30,1.9,1.2,
02,01,2018,13,00,31,31,1.9,1.2,
02,01,2018,13,30,28,28,1.9,1.2,
02,01,2018,14,00,28,28,0.0,1.6,
02,01,2018,14,30,24,24,0.0,1,
02,01,2018,14,30,27,27,0.0,1.6,
02,01,2018,15,00,27,27,0.0,1.6,
02,01,2018,16,00,25,25,1.9,1.6,
02,01,2018,16,30,25,25,0.0,1.6,
02,01,2018,17,00,28,28,0.0,1.9,
02,01,2018,17,30,21,21,0.0,1,
02,01,2018,17,30,30,30,0.0,1.9,
02,01,2018,18,00,35,35,0.0,1.6,
02,01,2018,18,30,37,37,0.0,1.6,
02,01,2018,19,00,39,39,0.0,1.6,
02,01,2018,20,00,48,48,5.6,1.2,
02,01,2018,20,30,39,39,3.7,1,
02,01,2018,20,30,48,48,7.4,1.2,
02,01,2018,21,00,51,51,3.7,1.2,
02,01,2018,21,30,51,51,0.0,1.2,
02,01,2018,22,00,58,58,0.0,1.2,
02,01,2018,22,30,54,54,0.0,-9999.0,
02,01,2018,23,30,45,45,0.0,1,
03,01,2018,00,00,58,58,0.0,1.2,
03,01,2018,00,30,62,62,0.0,1.2,
03,01,2018,01,00,62,62,0.0,1.2,
03,01,2018,02,00,62,62,0.0,1.2,
03,01,2018,02,30,59,59,0.0,1,
03,01,2018,03,00,71,71,0.0,1.2,
03,01,2018,05,00,76,76,0.0,1.2,
03,01,2018,05,30,67,67,0.0,1,
03,01,2018,05,30,71,71,0.0,1.2,
03,01,2018,06,00,76,76,0.0,1.2,
03,01,2018,07,00,76,76,0.0,1.2,
03,01,2018,08,00,81,81,0.0,0.7,
03,01,2018,08,30,73,73,0.0,1,
03,01,2018,08,30,71,71,0.0,0.7,
03,01,2018,09,00,67,67,0.0,0.7,
03,01,2018,09,30,55,55,7.4,0.7,
03,01,2018,10,00,48,48,9.3,0.7,
03,01,2018,10,30,45,45,5.6,0.9,
03,01,2018,11,00,42,42,9.3,0.9,
03,01,2018,11,30,31,31,5.6,1,
03,01,2018,11,30,40,40,7.4,1.0,
03,01,2018,12,00,35,35,9.3,1.2,
03,01,2018,12,30,28,28,7.4,1.2,
03,01,2018,14,00,23,23,7.4,1.9,
03,01,2018,14,30,14,14,5.6,1,
03,01,2018,14,30,22,22,5.6,1.9,
03,01,2018,15,00,22,22,3.7,1.9,
03,01,2018,15,30,20,20,7.4,1.9,
03,01,2018,16,00,19,19,9.3,1.9,
03,01,2018,17,00,23,23,7.4,1.9,
03,01,2018,17,30,13,13,5.6,1,
03,01,2018,17,30,24,24,5.6,1.9,
03,01,2018,18,00,28,28,1.9,1.2,
03,01,2018,19,00,42,42,0.0,1.2,
03,01,2018,19,30,42,42,0.0,1.2,
03,01,2018,20,30,36,36,0.0,1,
03,01,2018,21,00,51,51,7.4,1.2,
03,01,2018,21,30,44,44,5.6,1.2,
03,01,2018,22,00,44,44,3.7,1.2,
03,01,2018,22,30,51,51,0.0,1.2,
03,01,2018,23,00,47,47,0.0,1.2,
03,01,2018,23,30,44,44,0.0,1,
04,01,2018,00,00,58,58,0.0,1.2,
04,01,2018,00,30,62,62,0.0,1.2,
04,01,2018,08,30,70,70,0.0,1,
04,01,2018,11,00,40,40,7.4,1.2,
04,01,2018,11,30,27,27,9.3,1,
04,01,2018,11,30,37,37,7.4,1.2,
04,01,2018,12,00,35,35,11.1,1.9,
04,01,2018,12,30,30,30,11.1,1.9,
04,01,2018,13,00,30,30,9.3,1.9,
04,01,2018,13,30,28,28,9.3,1.9,
04,01,2018,14,00,27,27,11.1,1.9,
04,01,2018,14,30,17,17,5.6,1,
04,01,2018,14,30,27,27,11.1,1.9,
04,01,2018,15,00,22,22,9.3,1.9,
04,01,2018,16,00,22,22,9.3,1.9,
04,01,2018,17,30,18,18,5.6,1,
04,01,2018,17,30,23,23,5.6,1.9,
04,01,2018,18,00,26,26,0.0,1.6,
04,01,2018,19,00,32,32,0.0,1.6,
04,01,2018,19,30,39,39,0.0,1.2,
04,01,2018,20,00,44,44,0.0,1.2,
04,01,2018,20,30,38,38,0.0,1,
04,01,2018,21,00,44,44,0.0,1.2,
04,01,2018,21,30,44,44,1.9,1.2,
04,01,2018,22,00,41,41,0.0,1.2,
04,01,2018,22,30,47,47,0.0,1.2,
04,01,2018,23,00,44,44,0.0,1.2,
04,01,2018,23,30,31,31,0.0,1,
05,01,2018,00,00,44,44,0.0,1.2,
05,01,2018,01,00,54,54,0.0,1.2,
05,01,2018,02,30,46,46,0.0,1,
05,01,2018,02,30,54,54,0.0,1.2,
05,01,2018,03,00,58,58,0.0,1.2,
05,01,2018,03,30,62,62,0.0,1.2,
05,01,2018,05,30,56,56,0.0,1,
05,01,2018,05,30,66,66,0.0,1.2,
05,01,2018,06,30,71,71,0.0,1.2,
05,01,2018,07,00,76,76,0.0,1.2,
05,01,2018,07,30,71,71,0.0,1.0,
05,01,2018,08,00,71,71,0.0,0.7,
05,01,2018,08,30,66,66,0.0,1,
05,01,2018,08,30,71,71,0.0,0.7,
05,01,2018,09,30,51,51,11.1,0.8,
05,01,2018,10,00,48,48,13.0,0.9,
05,01,2018,11,30,30,30,9.3,1,
05,01,2018,11,30,40,40,9.3,1.2,
05,01,2018,12,00,37,37,5.6,1.2,
05,01,2018,13,00,31,31,3.7,1.2,
05,01,2018,14,00,25,25,1.9,1.9,
05,01,2018,14,30,15,15,0.0,1,
05,01,2018,15,00,25,25,1.9,1.9,
05,01,2018,15,30,27,27,1.9,1.9,
05,01,2018,16,00,29,29,0.0,1.9,
05,01,2018,16,30,27,27,1.9,1.9,
05,01,2018,17,00,27,27,0.0,1.9,
05,01,2018,17,30,25,25,0.0,1,
05,01,2018,17,30,25,25,1.9,1.6,
05,01,2018,18,00,35,35,0.0,1.6,
05,01,2018,18,30,40,40,0.0,1.6,
05,01,2018,19,00,45,45,0.0,1.2,
05,01,2018,19,30,48,48,0.0,1.2,
05,01,2018,20,00,55,55,0.0,1.2,
05,01,2018,20,30,47,47,0.0,1,
05,01,2018,21,30,51,51,0.0,1.1,
05,01,2018,22,00,51,51,0.0,1.1,
05,01,2018,22,30,58,58,0.0,1.1,
05,01,2018,23,30,50,50,0.0,1,
06,01,2018,00,00,67,67,0.0,1.1,
06,01,2018,00,30,67,67,0.0,1.1,
06,01,2018,02,30,71,71,0.0,1,
06,01,2018,04,00,82,82,0.0,1.1,
06,01,2018,05,00,87,87,0.0,1.0,
06,01,2018,05,30,82,82,0.0,1,
06,01,2018,05,30,87,87,0.0,1.0,
06,01,2018,06,00,87,87,0.0,1.0,
06,01,2018,06,30,87,87,0.0,1.0,
06,01,2018,08,00,93,93,0.0,0.6,
06,01,2018,08,30,78,78,0.0,1,
06,01,2018,08,30,82,82,0.0,0.6,
06,01,2018,09,00,63,63,0.0,0.7,
06,01,2018,09,30,52,52,1.9,0.9,
06,01,2018,10,00,49,49,0.0,0.9,
06,01,2018,11,00,40,40,0.0,1.6,
06,01,2018,11,30,25,25,0.0,1,
06,01,2018,11,30,37,37,1.9,1.6,
06,01,2018,12,30,35,35,1.9,1.9,
06,01,2018,14,30,23,23,5.6,1,
06,01,2018,15,00,29,29,7.4,1.9,
06,01,2018,16,30,27,27,3.7,2.5,
06,01,2018,17,30,24,24,0.0,2,
06,01,2018,17,30,31,31,0.0,2.5,
06,01,2018,19,00,42,42,0.0,1.6,
06,01,2018,20,30,38,38,0.0,1,
06,01,2018,20,30,45,45,0.0,1.2,
06,01,2018,21,30,42,42,1.9,1.2,
06,01,2018,22,00,48,48,0.0,1.2,
06,01,2018,22,30,51,51,0.0,1.2,
06,01,2018,23,00,48,48,0.0,1.2,
06,01,2018,23,30,40,40,0.0,1,
07,01,2018,00,00,58,58,0.0,1.2,
07,01,2018,00,30,63,63,0.0,1.2,
07,01,2018,01,00,55,55,0.0,1.2,
07,01,2018,01,30,67,67,0.0,1.2,
07,01,2018,02,00,67,67,0.0,1.2,
07,01,2018,02,30,61,61,0.0,1,
07,01,2018,02,30,63,63,0.0,1.2,
07,01,2018,03,00,51,51,1.9,1.2,
07,01,2018,03,30,62,62,1.9,1.2,
07,01,2018,04,00,62,62,0.0,1.2,
07,01,2018,04,30,58,58,0.0,1.2,
07,01,2018,05,30,53,53,0.0,1,
07,01,2018,05,30,66,66,0.0,1.2,
07,01,2018,06,00,66,66,0.0,1.2,
07,01,2018,06,30,66,66,0.0,1.2,
07,01,2018,07,00,66,66,0.0,1.2,
07,01,2018,07,30,62,62,0.0,1.2,
07,01,2018,08,00,66,66,0.0,0.9,
07,01,2018,08,30,54,54,0.0,1,
07,01,2018,08,30,58,58,0.0,0.9,
07,01,2018,09,00,48,48,0.0,0.7,
07,01,2018,09,30,39,39,0.0,0.6,
07,01,2018,10,30,21,21,0.0,1.6,
07,01,2018,11,30,17,17,0.0,1,
07,01,2018,11,30,21,21,0.0,1.9,
07,01,2018,12,30,20,20,0.0,2.5,
07,01,2018,13,30,19,19,9.3,2.5,
07,01,2018,14,00,19,19,9.3,2.5,
07,01,2018,14,30,14,14,11.1,2,
07,01,2018,15,00,19,19,5.6,2.5,
07,01,2018,15,30,17,17,1.9,3.1,
07,01,2018,16,00,19,19,9.3,3.1,
07,01,2018,16,30,19,19,7.4,3.1,
07,01,2018,17,00,18,18,7.4,3.1,
07,01,2018,17,30,12,12,5.6,2,
07,01,2018,17,30,21,21,5.6,2.5,
07,01,2018,18,00,24,24,0.0,1.9,
07,01,2018,18,30,28,28,0.0,1.6,
07,01,2018,19,00,32,32,0.0,1.2,
07,01,2018,20,00,34,34,1.9,1.2,
07,01,2018,20,30,33,33,3.7,1,
07,01,2018,21,00,32,32,7.4,1.2,
07,01,2018,21,30,31,31,5.6,1.2,
07,01,2018,22,00,31,31,1.9,1.2,
07,01,2018,22,30,34,34,0.0,1.2,
07,01,2018,23,30,30,30,3.7,1,
08,01,2018,00,00,38,38,0.0,1.2,
08,01,2018,00,30,44,44,0.0,1.2,
08,01,2018,01,00,44,44,0.0,1.2,
08,01,2018,01,30,47,47,0.0,1.2,
08,01,2018,02,00,54,54,0.0,1.2,
08,01,2018,02,30,49,49,0.0,1,
08,01,2018,02,30,54,54,0.0,1.2,
08,01,2018,03,00,54,54,0.0,1.2,
08,01,2018,03,30,58,58,0.0,1.2,
08,01,2018,04,30,62,62,0.0,1.2,
08,01,2018,05,00,62,62,0.0,1.2,
08,01,2018,05,30,49,49,0.0,1,
08,01,2018,06,30,58,58,0.0,1.2,
08,01,2018,07,00,66,66,0.0,1.2,
08,01,2018,07,30,66,66,0.0,0.9,
08,01,2018,08,00,66,66,0.0,0.9,
08,01,2018,08,30,52,52,0.0,1,
08,01,2018,08,30,54,54,0.0,0.9,
08,01,2018,09,00,42,42,0.0,1.1,
08,01,2018,09,30,32,32,1.9,1.1,
08,01,2018,10,00,30,30,0.0,1.9,
08,01,2018,10,30,28,28,5.6,1.9,
08,01,2018,11,30,16,16,7.4,1,
08,01,2018,12,00,24,24,9.3,2.5,
08,01,2018,12,30,24,24,7.4,2.5,
08,01,2018,13,00,24,24,7.4,2.5,
08,01,2018,13,30,20,20,7.4,2.5,
08,01,2018,14,00,19,19,5.6,2.5,
08,01,2018,14,30,12,12,7.4,2,
08,01,2018,14,30,18,18,11.1,2.5,
08,01,2018,15,00,16,16,7.4,2.5,
08,01,2018,16,00,17,17,0.0,2.5,
08,01,2018,16,30,17,17,3.7,2.5,
08,01,2018,17,00,18,18,0.0,2.5,
08,01,2018,17,30,8,8,0.0,2,
08,01,2018,17,30,18,18,0.0,2.5,
08,01,2018,18,00,23,23,0.0,2.2,
08,01,2018,18,30,24,24,0.0,1.6,
08,01,2018,19,00,30,30,0.0,1.6,
08,01,2018,19,30,39,39,0.0,1.6,
08,01,2018,20,30,33,33,0.0,1,
08,01,2018,20,30,41,41,0.0,1.2,
08,01,2018,21,30,44,44,0.0,1.2,
08,01,2018,22,00,36,36,0.0,1.2,
09,01,2018,02,30,45,45,0.0,1,
09,01,2018,02,30,51,51,0.0,1.2,
09,01,2018,03,00,54,54,0.0,1.2,
09,01,2018,03,30,54,54,0.0,1.2,
09,01,2018,04,00,62,62,0.0,1.2,
09,01,2018,05,00,62,62,0.0,1.2,
09,01,2018,05,30,55,55,0.0,1,
09,01,2018,05,30,62,62,0.0,1.2,
09,01,2018,06,00,58,58,0.0,1.2,
09,01,2018,06,30,62,62,0.0,1.2,
09,01,2018,07,30,66,66,0.0,1.2,
09,01,2018,08,00,62,62,0.0,1.0,
09,01,2018,08,30,49,49,0.0,1,
09,01,2018,08,30,54,54,0.0,0.9,
09,01,2018,09,00,45,45,0.0,1.1,
09,01,2018,10,00,37,37,5.6,1.2,
09,01,2018,10,30,37,37,7.4,1.2,
09,01,2018,11,00,35,35,5.6,1.6,
09,01,2018,11,30,23,23,0.0,1,
09,01,2018,11,30,32,32,1.9,1.9,
09,01,2018,12,00,30,30,1.9,1.9,
09,01,2018,13,00,25,25,5.6,2.2,
09,01,2018,13,30,25,25,5.6,2.2,
09,01,2018,14,00,22,22,5.6,2.5,
09,01,2018,14,30,12,12,7.4,1,
09,01,2018,14,30,22,22,9.3,2.5,
09,01,2018,15,00,20,20,5.6,3.1,
09,01,2018,15,30,20,20,5.6,3.1,
09,01,2018,16,00,20,20,9.3,3.1,
09,01,2018,16,30,20,20,0.0,3.1,
09,01,2018,17,00,20,20,1.9,3.1,
09,01,2018,17,30,18,18,5.6,1,
09,01,2018,17,30,21,21,1.9,3.1,
09,01,2018,18,00,24,24,1.9,2.5,
09,01,2018,18,30,28,28,0.0,1.9,
09,01,2018,19,00,32,32,3.7,1.6,
09,01,2018,19,30,39,39,0.0,1.2,
09,01,2018,20,00,42,42,0.0,1.2,
09,01,2018,20,30,45,45,0.0,1,
09,01,2018,20,30,45,45,0.0,1.2,
09,01,2018,21,30,48,48,3.7,1.2,
09,01,2018,22,00,48,48,0.0,1.2,
09,01,2018,22,30,47,47,0.0,1.2,
09,01,2018,23,00,48,48,0.0,1.2,
09,01,2018,23,30,50,50,0.0,1,
10,01,2018,00,00,54,54,0.0,1.2,
10,01,2018,01,00,58,58,0.0,1.2,
10,01,2018,01,30,54,54,0.0,1.2,
10,01,2018,02,30,50,50,0.0,1,
10,01,2018,02,30,54,54,0.0,1.2,
10,01,2018,03,30,58,58,0.0,1.2,
10,01,2018,05,00,62,62,0.0,1.2,
10,01,2018,05,30,64,64,0.0,1,
10,01,2018,05,30,62,62,0.0,1.2,
10,01,2018,06,00,66,66,0.0,1.2,
10,01,2018,06,30,66,66,0.0,1.2,
10,01,2018,07,00,66,66,0.0,1.2,
10,01,2018,07,30,71,71,0.0,1.2,
10,01,2018,08,00,71,71,0.0,0.7,
10,01,2018,08,30,70,70,0.0,0,
10,01,2018,08,30,62,62,0.0,0.6,
10,01,2018,09,30,37,37,0.0,0.9,
10,01,2018,10,00,34,34,1.9,1.2,
10,01,2018,10,30,28,28,1.9,1.2,
10,01,2018,11,00,24,24,1.9,1.6,
10,01,2018,11,30,17,17,5.6,1,
10,01,2018,12,00,23,23,7.4,1.9,
10,01,2018,12,30,22,22,7.4,1.9,
10,01,2018,13,00,20,20,9.3,1.9,
10,01,2018,13,30,19,19,11.1,1.9,
10,01,2018,14,00,19,19,9.3,2.2,
10,01,2018,14,30,13,13,3.7,1,
10,01,2018,14,30,18,18,5.6,2.2,
10,01,2018,15,00,17,17,7.4,2.5,
10,01,2018,15,30,15,15,9.3,2.5,
10,01,2018,16,30,14,14,9.3,2.5,
10,01,2018,17,00,14,14,5.6,2.5,
10,01,2018,17,30,12,12,7.4,2,
10,01,2018,18,00,18,18,1.9,2.2,
10,01,2018,19,00,31,31,0.0,2.2,
10,01,2018,19,30,30,30,0.0,1.6,
10,01,2018,20,00,32,32,0.0,1.6,
10,01,2018,20,30,24,24,0.0,1,
10,01,2018,20,30,30,30,0.0,1.6,
10,01,2018,21,30,24,24,3.7,1.6,
10,01,2018,22,00,24,24,5.6,1.6,
10,01,2018,22,30,33,33,5.6,1.2,
10,01,2018,23,00,36,36,0.0,1.2,
10,01,2018,23,30,27,27,0.0,1,
11,01,2018,00,00,44,44,0.0,1.2,
11,01,2018,01,00,41,41,0.0,1.2,
11,01,2018,02,30,38,38,0.0,1,
11,01,2018,03,00,54,54,0.0,1.2,
11,01,2018,03,30,50,50,0.0,1.2,
11,01,2018,04,00,54,54,0.0,1.2,
11,01,2018,04,30,54,54,0.0,1.2,
11,01,2018,05,00,62,62,0.0,1.2,
11,01,2018,05,30,50,50,0.0,1,
11,01,2018,06,00,62,62,0.0,1.2,
11,01,2018,08,30,41,41,0.0,1,
11,01,2018,08,30,54,54,0.0,0.7,
11,01,2018,09,00,39,39,0.0,0.7,
11,01,2018,09,30,26,26,5.6,0.9,
11,01,2018,10,30,20,20,7.4,1.2,
11,01,2018,11,00,17,17,9.3,1.2,
11,01,2018,11,30,9,9,5.6,1,
11,01,2018,11,30,15,15,9.3,1.2,
11,01,2018,12,00,15,15,9.3,1.2,
11,01,2018,12,30,15,15,11.1,1.9,
11,01,2018,13,00,15,15,11.1,1.9,
11,01,2018,13,30,16,16,9.3,2.2,
11,01,2018,14,30,8,8,11.1,2,
11,01,2018,14,30,15,15,11.1,3.1,
11,01,2018,15,00,14,14,13.0,3.1,
11,01,2018,15,30,16,16,9.3,3.1,
11,01,2018,16,00,16,16,11.1,3.1,
11,01,2018,16,30,14,14,11.1,3.1,
11,01,2018,17,30,12,12,7.4,2,
11,01,2018,17,30,16,16,7.4,2.5,
11,01,2018,18,00,18,18,5.6,2.2,
11,01,2018,20,30,19,19,3.7,1,
11,01,2018,20,30,30,30,5.6,1.6,
11,01,2018,23,00,32,32,7.4,1.2,
11,01,2018,23,30,33,33,5.6,1,
12,01,2018,02,30,34,34,0.0,1,
12,01,2018,02,30,34,34,5.6,1.2,
12,01,2018,04,30,34,34,5.6,1.2,
12,01,2018,05,00,38,38,0.0,1.2,
12,01,2018,05,30,25,25,0.0,1,
12,01,2018,05,30,38,38,0.0,1.2,
12,01,2018,06,30,44,44,0.0,1.2,
12,01,2018,08,30,36,36,0.0,1,
12,01,2018,08,30,44,44,0.0,0.9,
12,01,2018,10,00,28,28,0.0,1.6,
12,01,2018,10,30,24,24,0.0,1.6,
12,01,2018,11,30,16,16,9.3,1,
12,01,2018,11,30,25,25,9.3,1.9,
12,01,2018,12,00,20,20,11.1,1.9,
12,01,2018,12,30,18,18,9.3,1.9,
12,01,2018,13,00,15,15,7.4,1.9,
12,01,2018,13,30,16,16,11.1,2.5,
12,01,2018,14,00,18,18,9.3,2.5,
12,01,2018,14,30,10,10,7.4,1,
12,01,2018,14,30,18,18,9.3,2.5,
12,01,2018,15,00,19,19,7.4,2.5,
12,01,2018,15,30,19,19,7.4,2.5,
12,01,2018,16,00,19,19,9.3,2.5,
12,01,2018,16,30,19,19,9.3,2.8,
12,01,2018,17,00,20,20,5.6,3.1,
12,01,2018,17,30,12,12,0.0,2,
12,01,2018,17,30,22,22,0.0,3.1,
12,01,2018,18,00,27,27,0.0,2.5,
12,01,2018,18,30,32,32,0.0,2.2,
12,01,2018,19,30,35,35,0.0,1.9,
12,01,2018,20,30,28,28,0.0,1,
12,01,2018,21,30,42,42,0.0,1.6,
12,01,2018,22,00,42,42,0.0,1.2,
12,01,2018,22,30,48,48,3.7,1.2,
13,01,2018,00,00,48,48,0.0,1.2,
13,01,2018,02,30,37,37,0.0,1,
13,01,2018,04,00,45,45,0.0,1.2,
13,01,2018,05,00,48,48,0.0,1.2,
13,01,2018,05,30,27,27,0.0,1,
13,01,2018,05,30,36,36,0.0,1.2,
13,01,2018,06,00,44,44,5.6,1.2,
13,01,2018,06,30,47,47,5.6,1.2,
13,01,2018,07,00,51,51,1.9,1.2,
13,01,2018,07,30,48,48,0.0,1.2,
13,01,2018,08,00,51,51,1.9,1.1,
13,01,2018,08,30,40,40,0.0,1,
13,01,2018,08,30,45,45,1.9,1.1,
13,01,2018,10,00,33,33,0.0,1.1,
13,01,2018,10,30,31,31,0.0,1.1,
13,01,2018,11,00,31,31,5.6,1.1,
13,01,2018,11,30,18,18,5.6,1,
13,01,2018,12,30,21,21,7.4,1.2,
13,01,2018,13,00,19,19,11.1,1.6,
13,01,2018,13,30,21,21,11.1,1.6,
13,01,2018,14,00,20,20,13.0,1.9,
13,01,2018,14,30,12,12,9.3,1,
13,01,2018,14,30,20,20,13.0,1.9,
13,01,2018,15,30,21,21,14.8,2.5,
13,01,2018,17,00,21,21,5.6,3.1,
13,01,2018,17,30,13,13,3.7,2,
13,01,2018,17,30,21,21,5.6,3.1,
13,01,2018,18,00,27,27,1.9,3.1,
13,01,2018,18,30,33,33,0.0,2.5,
13,01,2018,19,30,33,33,0.0,1.9,
13,01,2018,20,00,33,33,0.0,1.6,
13,01,2018,20,30,30,30,0.0,1,
13,01,2018,20,30,37,37,0.0,1.2,
13,01,2018,21,00,39,39,0.0,1.2,
13,01,2018,21,30,39,39,0.0,1.2,
13,01,2018,22,00,37,37,9.3,1.2,
13,01,2018,22,30,42,42,11.1,1.2,
13,01,2018,23,30,46,46,5.6,1,
14,01,2018,00,30,42,42,9.3,1.2,
14,01,2018,01,00,42,42,7.4,1.2,
14,01,2018,02,30,44,44,0.0,1,
14,01,2018,03,00,58,58,0.0,1.2,
14,01,2018,04,00,54,54,0.0,1.2,
14,01,2018,05,30,65,65,0.0,1,
14,01,2018,05,30,58,58,0.0,1.2,
14,01,2018,06,00,58,58,0.0,1.2,
14,01,2018,06,30,62,62,0.0,1.2,
14,01,2018,07,00,66,66,0.0,1.2,
14,01,2018,08,30,41,41,0.0,1,
14,01,2018,09,00,45,45,0.0,0.8,
14,01,2018,10,30,27,27,1.9,1.6,
14,01,2018,11,00,27,27,1.9,1.6,
14,01,2018,11,30,16,16,0.0,1,
14,01,2018,11,30,27,27,0.0,1.9,
14,01,2018,12,00,25,25,1.9,1.9,
14,01,2018,12,30,25,25,1.9,1.9,
14,01,2018,13,00,24,24,1.9,1.9,
14,01,2018,13,30,22,22,7.4,2.5,
14,01,2018,14,00,21,21,9.3,2.5,
14,01,2018,14,30,12,12,5.6,2,
14,01,2018,14,30,20,20,7.4,2.5,
14,01,2018,15,00,21,21,11.1,2.5,
14,01,2018,15,30,21,21,13.0,2.5,
14,01,2018,16,00,21,21,11.1,2.5,
14,01,2018,16,30,20,20,9.3,2.5,
14,01,2018,16,50,22,22,0.0,2.5,
14,01,2018,17,00,29,29,0.0,1.9,
14,01,2018,17,30,12,12,5.6,2,
14,01,2018,18,00,24,24,0.0,2.2,
14,01,2018,19,00,35,35,0.0,1.9,
14,01,2018,20,00,35,35,0.0,1.9,
14,01,2018,20,30,30,30,0.0,1,
14,01,2018,20,30,40,40,0.0,1.9,
14,01,2018,21,00,42,42,0.0,1.9,
14,01,2018,21,30,45,45,0.0,1.6,
14,01,2018,22,00,42,42,1.9,1.2,
14,01,2018,22,30,42,42,0.0,1.2,
14,01,2018,23,00,45,45,0.0,1.2,
14,01,2018,23,30,40,40,0.0,1,
15,01,2018,00,00,39,39,0.0,1.2,
15,01,2018,01,00,41,41,0.0,1.2,
15,01,2018,01,30,42,42,0.0,1.2,
15,01,2018,02,00,47,47,0.0,1.2,
15,01,2018,02,30,37,37,0.0,1,
15,01,2018,02,30,44,44,0.0,1.2,
15,01,2018,03,30,58,58,0.0,1.2,
15,01,2018,04,00,58,58,0.0,1.2,
15,01,2018,04,30,62,62,0.0,1.2,
15,01,2018,05,00,62,62,0.0,1.2,
15,01,2018,05,30,54,54,0.0,1,
15,01,2018,05,30,62,62,0.0,1.2,
15,01,2018,06,00,62,62,0.0,1.2,
15,01,2018,06,30,58,58,0.0,1.2,
15,01,2018,07,00,62,62,0.0,1.2,
15,01,2018,07,30,66,66,0.0,1.2,
15,01,2018,08,00,62,62,0.0,1.0,
15,01,2018,08,30,60,60,0.0,1,
15,01,2018,08,30,55,55,0.0,1.0,
15,01,2018,09,00,42,42,0.0,0.7,
15,01,2018,10,00,31,31,0.0,1.6,
15,01,2018,10,30,27,27,0.0,1.9,
15,01,2018,11,30,10,10,11.1,2,
15,01,2018,11,30,16,16,9.3,2.5,
15,01,2018,12,00,14,14,9.3,2.5,
15,01,2018,12,30,14,14,11.1,2.5,
15,01,2018,14,00,11,11,13.0,2.5,
15,01,2018,14,30,8,8,9.3,2,
15,01,2018,15,00,11,11,11.1,2.5,
15,01,2018,15,30,12,12,11.1,2.5,
15,01,2018,16,30,11,11,9.3,2.5,
15,01,2018,17,00,10,10,9.3,2.5,
15,01,2018,17,30,6,6,5.6,2,
15,01,2018,17,30,12,12,5.6,2.5,
15,01,2018,18,00,14,14,5.6,2.5,
15,01,2018,18,30,18,18,3.7,1.9,
15,01,2018,19,00,21,21,0.0,1.6,
15,01,2018,19,30,20,20,3.7,1.6,
15,01,2018,20,00,21,21,7.4,1.2,
15,01,2018,20,30,27,27,5.6,2,
15,01,2018,20,30,24,24,5.6,1.2,
15,01,2018,21,00,27,27,1.9,1.2,
15,01,2018,21,30,30,30,0.0,1.2,
15,01,2018,22,00,29,29,3.7,1.2,
15,01,2018,22,30,33,33,7.4,1.2,
15,01,2018,23,00,36,36,1.9,1.2,
15,01,2018,23,30,43,43,5.6,1,
16,01,2018,00,00,36,36,3.7,1.2,
16,01,2018,02,30,47,47,0.0,1,
16,01,2018,03,30,43,43,0.0,1.2,
16,01,2018,04,30,46,46,0.0,1.2,
16,01,2018,05,30,36,36,0.0,1,
16,01,2018,06,00,46,46,1.9,1.2,
16,01,2018,06,30,53,53,0.0,1.2,
16,01,2018,07,00,53,53,5.6,1.2,
16,01,2018,07,30,46,46,1.9,1.1,
16,01,2018,08,00,50,50,0.0,0.7,
16,01,2018,08,30,30,30,0.0,1,
16,01,2018,09,00,29,29,0.0,0.8,
16,01,2018,10,30,17,17,0.0,1.9,
16,01,2018,11,00,15,15,0.0,1.9,
16,01,2018,11,30,11,11,7.4,1,
16,01,2018,11,30,17,17,7.4,1.9,
16,01,2018,12,00,16,16,0.0,2.5,
16,01,2018,12,30,38,38,0.0,2.5,
16,01,2018,13,30,13,13,1.9,2.5,
16,01,2018,14,00,11,11,9.3,2.5,
16,01,2018,14,30,9,9,3.7,2,
16,01,2018,15,00,9,9,13.0,2.8,
16,01,2018,16,00,8,8,7.4,3.1,
16,01,2018,17,00,10,10,5.6,3.1,
16,01,2018,17,30,8,8,3.7,2,
16,01,2018,17,30,11,11,5.6,3.1,
16,01,2018,18,00,14,14,5.6,3.1,
16,01,2018,19,00,20,20,1.9,2.2,
16,01,2018,19,30,22,22,5.6,1.6,
16,01,2018,20,00,28,28,3.7,1.6,
16,01,2018,20,30,22,22,5.6,1,
16,01,2018,20,30,30,30,5.6,1.6,
16,01,2018,21,00,32,32,5.6,1.6,
16,01,2018,21,30,36,36,3.7,1.6,
16,01,2018,22,00,32,32,5.6,1.6,
16,01,2018,22,30,31,31,7.4,1.2,
16,01,2018,23,00,31,31,7.4,1.2,
16,01,2018,23,30,27,27,0.0,1,
17,01,2018,01,30,38,38,7.4,1.2,
17,01,2018,02,00,36,36,5.6,1.2,
17,01,2018,02,30,25,25,5.6,1,
17,01,2018,03,30,36,36,5.6,1.2,
17,01,2018,04,00,20,20,5.6,1.2,
17,01,2018,04,30,36,36,0.0,1.2,
17,01,2018,05,00,33,33,0.0,1.2,
17,01,2018,05,30,27,27,5.6,1,
17,01,2018,05,30,38,38,3.7,1.2,
17,01,2018,06,00,36,36,0.0,1.2,
17,01,2018,07,00,44,44,0.0,1.2,
17,01,2018,08,30,21,21,5.6,1,
17,01,2018,09,30,23,23,11.1,1.2,
17,01,2018,10,00,21,21,9.3,1.2,
17,01,2018,10,30,21,21,11.1,1.2,
17,01,2018,11,30,12,12,9.3,1,
17,01,2018,11,30,20,20,11.1,1.9,
17,01,2018,12,00,20,20,11.1,1.9,
17,01,2018,12,30,20,20,11.1,1.9,
17,01,2018,13,00,21,21,9.3,1.9,
17,01,2018,13,30,21,21,9.3,1.9,
17,01,2018,14,00,21,21,11.1,1.9,
17,01,2018,14,30,17,17,9.3,1,
17,01,2018,14,30,21,21,11.1,1.9,
17,01,2018,15,30,23,23,13.0,2.5,
17,01,2018,16,00,24,24,9.3,2.5,
17,01,2018,17,00,26,26,9.3,2.5,
17,01,2018,17,30,20,20,7.4,2,
17,01,2018,17,30,29,29,9.3,2.5,
17,01,2018,18,30,35,35,9.3,2.2,
17,01,2018,19,00,35,35,9.3,1.9,
17,01,2018,19,30,37,37,11.1,1.9,
17,01,2018,20,00,35,35,11.1,1.9,
17,01,2018,20,30,32,32,14.8,1,
17,01,2018,21,00,40,40,13.0,1.9,
17,01,2018,21,30,40,40,14.8,1.6,
17,01,2018,22,00,40,40,13.0,1.6,
17,01,2018,23,00,43,43,13.0,1.6,
17,01,2018,23,30,32,32,11.1,1,
18,01,2018,00,00,42,42,9.3,1.6,
18,01,2018,00,30,45,45,11.1,1.6,
18,01,2018,01,30,45,45,5.6,1.6,
18,01,2018,02,00,45,45,7.4,1.6,
18,01,2018,02,30,32,32,7.4,1,
18,01,2018,05,30,55,55,0.0,1,
18,01,2018,05,30,55,55,0.0,1.6,
18,01,2018,06,00,48,48,0.0,1.6,
18,01,2018,06,30,51,51,7.4,1.6,
18,01,2018,07,30,54,54,7.4,1.2,
18,01,2018,08,00,51,51,7.4,1.0,
18,01,2018,08,30,35,35,5.6,1,
18,01,2018,08,30,45,45,5.6,1.0,
18,01,2018,09,00,37,37,7.4,1.2,
18,01,2018,09,30,37,37,7.4,1.2,
18,01,2018,10,00,33,33,5.6,1.6,
18,01,2018,10,30,33,33,5.6,1.9,
18,01,2018,11,00,33,33,5.6,1.9,
18,01,2018,11,30,23,23,11.1,1,
18,01,2018,11,30,33,33,5.6,1.9,
18,01,2018,12,00,31,31,7.4,1.9,
18,01,2018,12,30,34,34,7.4,1.9,
18,01,2018,13,30,30,30,7.4,1.9,
18,01,2018,14,00,30,30,9.3,1.9,
18,01,2018,14,30,21,21,5.6,1,
18,01,2018,14,30,26,26,9.3,2.2,
18,01,2018,15,00,24,24,5.6,2.5,
18,01,2018,15,30,24,24,11.1,2.5,
18,01,2018,17,00,24,24,1.9,2.5,
18,01,2018,17,30,15,15,0.0,2,
18,01,2018,17,30,24,24,0.0,2.5,
18,01,2018,18,30,35,35,0.0,1.9,
18,01,2018,20,00,40,40,0.0,1.6,
18,01,2018,20,30,35,35,0.0,1,
18,01,2018,20,30,46,46,0.0,1.6,
18,01,2018,21,00,43,43,7.4,1.6,
18,01,2018,22,00,43,43,1.9,1.2,
18,01,2018,22,30,43,43,3.7,1.2,
18,01,2018,23,00,40,40,1.9,1.2,
18,01,2018,23,30,36,36,0.0,1,
19,01,2018,00,00,48,48,0.0,1.2,
19,01,2018,00,30,48,48,5.6,1.2,
19,01,2018,01,00,48,48,3.7,1.2,
19,01,2018,02,30,49,49,0.0,1,
19,01,2018,02,30,55,55,0.0,1.2,
19,01,2018,04,30,63,63,0.0,1.2,
19,01,2018,05,00,67,67,0.0,1.2,
19,01,2018,05,30,54,54,0.0,1,
19,01,2018,05,30,67,67,0.0,1.2,
19,01,2018,06,00,67,67,0.0,1.2,
19,01,2018,06,30,67,67,0.0,1.2,
19,01,2018,07,00,67,67,0.0,1.2,
19,01,2018,07,30,72,72,0.0,1.1,
19,01,2018,08,00,72,72,0.0,1.1,
19,01,2018,08,30,53,53,0.0,1,
19,01,2018,08,30,63,63,0.0,0.9,
19,01,2018,09,00,56,56,0.0,1.1,
19,01,2018,09,30,43,43,5.6,1.2,
19,01,2018,10,00,38,38,7.4,1.2,
19,01,2018,10,30,N/A,N/A,9.3,2.5,
19,01,2018,11,00,36,36,5.6,1.6,
19,01,2018,11,30,30,30,5.6,1,
19,01,2018,11,30,34,34,5.6,1.6,
19,01,2018,12,00,32,32,7.4,2.2,
19,01,2018,12,30,32,32,9.3,2.2,
19,01,2018,13,00,24,24,7.4,2.2,
19,01,2018,13,30,26,26,7.4,2.2,
19,01,2018,14,00,23,23,7.4,2.5,
19,01,2018,14,30,11,11,11.1,2,
19,01,2018,14,30,23,23,11.1,2.5,
19,01,2018,15,00,21,21,7.4,2.5,
19,01,2018,15,30,21,21,11.1,3.1,
19,01,2018,16,00,21,21,11.1,3.1,
19,01,2018,16,30,23,23,9.3,3.1,
19,01,2018,17,00,24,24,9.3,3.1,
19,01,2018,17,30,15,15,9.3,2,
19,01,2018,18,00,27,27,5.6,2.2,
19,01,2018,18,30,29,29,7.4,1.6,
19,01,2018,19,00,33,33,5.6,1.2,
19,01,2018,19,30,33,33,9.3,1.2,
19,01,2018,20,00,33,33,9.3,1.2,
19,01,2018,20,30,24,24,9.3,1,
19,01,2018,20,30,35,35,9.3,1.2,
19,01,2018,21,00,33,33,7.4,1.2,
19,01,2018,21,30,35,35,9.3,1.2,
19,01,2018,22,30,56,56,13.0,1.2,
19,01,2018,23,30,53,53,7.4,1,
20,01,2018,00,00,59,59,7.4,1.2,
20,01,2018,01,30,68,68,0.0,1.2,
20,01,2018,02,00,72,72,0.0,1.2,
20,01,2018,02,30,59,59,0.0,1,
20,01,2018,02,30,63,63,0.0,1.2,
20,01,2018,04,00,67,67,0.0,1.2,
20,01,2018,05,00,63,63,0.0,1.2,
20,01,2018,05,30,66,66,0.0,1,
20,01,2018,05,30,77,77,0.0,1.2,
20,01,2018,06,00,77,77,0.0,1.2,
20,01,2018,06,30,82,82,0.0,1.2,
20,01,2018,07,00,82,82,0.0,1.2,
20,01,2018,07,30,88,88,0.0,0.7,
20,01,2018,08,00,82,82,0.0,0.5,
20,01,2018,08,30,72,72,0.0,0,
20,01,2018,08,30,77,77,0.0,0.6,
20,01,2018,09,00,59,59,0.0,0.6,
20,01,2018,09,30,52,52,0.0,0.7,
20,01,2018,10,00,46,46,1.9,0.9,
20,01,2018,10,30,40,40,3.7,1.0,
20,01,2018,11,00,33,33,0.0,1.2,
20,01,2018,11,30,28,28,5.6,1,
20,01,2018,11,30,33,33,5.6,1.2,
20,01,2018,12,00,17,17,7.4,1.9,
20,01,2018,12,30,14,14,9.3,1.9,
20,01,2018,13,00,14,14,7.4,2.5,
20,01,2018,14,00,14,14,11.1,2.5,
20,01,2018,14,30,9,9,9.3,2,
20,01,2018,14,30,12,12,13.0,2.8,
20,01,2018,15,00,11,11,11.1,3.1,
20,01,2018,16,00,11,11,9.3,3.1,
20,01,2018,16,30,12,12,9.3,3.1,
20,01,2018,17,00,14,14,5.6,3.1,
20,01,2018,17,30,15,15,5.6,2,
20,01,2018,17,30,16,16,5.6,3.1,
20,01,2018,18,00,17,17,3.7,2.8,
20,01,2018,18,30,21,21,0.0,2.2,
20,01,2018,19,00,30,30,0.0,1.9,
20,01,2018,19,30,32,32,0.0,1.6,
20,01,2018,20,00,34,34,0.0,1.6,
20,01,2018,20,30,22,22,0.0,1,
20,01,2018,21,30,28,28,9.3,1.2,
20,01,2018,22,00,28,28,7.4,1.2,
20,01,2018,22,30,28,28,7.4,1.2,
20,01,2018,23,00,34,34,3.7,1.2,
20,01,2018,23,30,28,28,3.7,1,
21,01,2018,00,30,47,47,1.9,1.2,
21,01,2018,01,00,51,51,1.9,1.2,
21,01,2018,01,30,47,47,5.6,1.2,
21,01,2018,02,00,54,54,0.0,1.2,
21,01,2018,02,30,41,41,0.0,1,
21,01,2018,03,00,50,50,0.0,1.2,
21,01,2018,03,30,50,50,0.0,1.2,
21,01,2018,04,00,54,54,0.0,1.2,
21,01,2018,04,30,54,54,0.0,1.2,
21,01,2018,05,00,54,54,0.0,1.2,
21,01,2018,05,30,47,47,0.0,1,
21,01,2018,06,00,54,54,0.0,1.2,
21,01,2018,07,00,58,58,0.0,1.2,
21,01,2018,07,30,58,58,0.0,1.2,
21,01,2018,08,00,58,58,0.0,0.9,
21,01,2018,08,30,37,37,0.0,1,
21,01,2018,09,00,47,47,0.0,0.9,
21,01,2018,09,30,32,32,9.3,1.1,
21,01,2018,10,00,34,34,13.0,1.2,
21,01,2018,10,30,32,32,9.3,1.2,
21,01,2018,11,30,19,19,5.6,1,
21,01,2018,11,30,28,28,7.4,1.2,
21,01,2018,12,00,23,23,7.4,1.2,
21,01,2018,12,30,22,22,7.4,1.6,
21,01,2018,13,00,19,19,7.4,1.9,
21,01,2018,13,30,18,18,7.4,1.9,
21,01,2018,14,00,18,18,5.6,1.9,
21,01,2018,14,30,12,12,5.6,1,
21,01,2018,14,30,21,21,7.4,1.9,
21,01,2018,15,00,21,21,5.6,2.5,
21,01,2018,16,00,21,21,3.7,2.5,
21,01,2018,16,30,21,21,0.0,2.5,
21,01,2018,17,00,21,21,1.9,2.5,
21,01,2018,17,30,19,19,0.0,1,
21,01,2018,17,30,22,22,5.6,2.5,
21,01,2018,18,00,27,27,5.6,2.2,
21,01,2018,18,30,30,30,0.0,1.9,
21,01,2018,19,00,35,35,0.0,1.6,
21,01,2018,20,00,42,42,0.0,1.2,
21,01,2018,20,30,34,34,0.0,1,
21,01,2018,20,30,40,40,1.9,1.2,
21,01,2018,21,00,42,42,0.0,1.2,
21,01,2018,22,00,42,42,5.6,1.2,
21,01,2018,22,30,42,42,7.4,1.2,
21,01,2018,23,00,42,42,11.1,1.2,
21,01,2018,23,30,35,35,11.1,1,
22,01,2018,00,00,45,45,11.1,1.2,
22,01,2018,01,00,48,48,9.3,1.2,
22,01,2018,03,00,55,55,11.1,1.2,
22,01,2018,04,00,55,55,9.3,1.2,
22,01,2018,05,00,51,51,11.1,1.2,
22,01,2018,05,30,51,51,9.3,1,
22,01,2018,05,30,54,54,9.3,1.2,
22,01,2018,06,00,51,51,11.1,1.2,
22,01,2018,06,30,58,58,7.4,1.2,
22,01,2018,07,30,58,58,7.4,1.2,
22,01,2018,08,00,55,55,11.1,1.2,
22,01,2018,08,30,43,43,11.1,1,
22,01,2018,08,30,48,48,11.1,1.2,
22,01,2018,09,00,45,45,11.1,1.2,
22,01,2018,09,30,42,42,9.3,1.2,
22,01,2018,10,00,40,40,11.1,1.2,
22,01,2018,10,30,37,37,11.1,1.6,
22,01,2018,11,00,35,35,11.1,1.6,
22,01,2018,11,30,26,26,9.3,1,
22,01,2018,11,30,35,35,9.3,1.9,
22,01,2018,12,00,33,33,11.1,1.9,
22,01,2018,13,00,31,31,14.8,2.2,
22,01,2018,13,30,31,31,13.0,2.5,
22,01,2018,14,30,21,21,9.3,2,
22,01,2018,14,30,31,31,13.0,2.5,
22,01,2018,15,30,29,29,11.1,2.5,
22,01,2018,17,00,34,34,14.8,2.5,
22,01,2018,17,30,23,23,7.4,2,
22,01,2018,17,30,36,36,9.3,2.5,
22,01,2018,18,30,40,40,9.3,1.9,
22,01,2018,19,00,43,43,9.3,1.6,
22,01,2018,19,30,46,46,9.3,1.6,
22,01,2018,20,00,46,46,13.0,1.2,
22,01,2018,20,30,44,44,14.8,1,
22,01,2018,20,30,49,49,14.8,1.2,
22,01,2018,21,00,49,49,16.7,1.2,
22,01,2018,21,30,52,52,14.8,1.2,
22,01,2018,22,00,52,52,14.8,1.2,
22,01,2018,22,30,49,49,14.8,1.2,
22,01,2018,23,00,52,52,16.7,1.2,
22,01,2018,23,30,41,41,9.3,1,
23,01,2018,00,00,49,49,14.8,1.2,
23,01,2018,01,00,52,52,14.8,1.2,
23,01,2018,01,30,52,52,13.0,1.2,
23,01,2018,02,00,52,52,14.8,1.2,
23,01,2018,02,30,39,39,11.1,1,
23,01,2018,02,30,52,52,11.1,1.2,
23,01,2018,03,00,52,52,13.0,1.2,
23,01,2018,03,30,52,52,11.1,1.2,
23,01,2018,04,00,52,52,11.1,1.2,
23,01,2018,04,30,52,52,13.0,1.2,
23,01,2018,05,30,48,48,5.6,1,
23,01,2018,05,30,55,55,5.6,1.2,
23,01,2018,06,30,59,59,7.4,1.2,
23,01,2018,07,00,59,59,9.3,1.2,
23,01,2018,07,30,55,55,7.4,1.2,
23,01,2018,08,00,59,59,13.0,0.9,
23,01,2018,08,30,60,60,11.1,1,
23,01,2018,08,30,59,59,7.4,0.9,
23,01,2018,09,00,72,72,3.7,0.9,
23,01,2018,09,30,72,72,7.4,0.8,
23,01,2018,10,00,68,68,7.4,1.0,
23,01,2018,10,30,59,59,11.1,1.0,
23,01,2018,11,00,60,60,13.0,0.8,
23,01,2018,11,30,43,43,9.3,1,
23,01,2018,11,30,49,49,7.4,1.1,
23,01,2018,12,00,46,46,3.7,1.6,
23,01,2018,12,30,46,46,5.6,1.6,
23,01,2018,13,00,46,46,9.3,2.2,
23,01,2018,13,30,41,41,11.1,2.5,
23,01,2018,14,30,23,23,9.3,2,
23,01,2018,14,30,36,36,7.4,2.5,
23,01,2018,15,00,29,29,11.1,2.5,
23,01,2018,15,30,21,21,25.9,2.5,
23,01,2018,16,00,19,19,25.9,2.5,
23,01,2018,17,00,20,20,22.2,2.5,
23,01,2018,17,30,11,11,14.8,2,
23,01,2018,18,00,20,20,20.4,2.5,
23,01,2018,19,30,24,24,13.0,1.6,
23,01,2018,20,00,30,30,11.1,1.6,
23,01,2018,20,30,20,20,9.3,1,
23,01,2018,20,30,32,32,13.0,1.6,
23,01,2018,21,00,28,28,14.8,1.6,
23,01,2018,21,30,32,32,11.1,1.6,
23,01,2018,22,00,37,37,7.4,1.6,
23,01,2018,22,30,39,39,5.6,1.6,
23,01,2018,23,30,29,29,9.3,1,
24,01,2018,00,00,45,45,9.3,1.2,
24,01,2018,02,00,55,55,5.6,1.2,
24,01,2018,02,30,51,51,7.4,1,
24,01,2018,02,30,59,59,5.6,1.2,
24,01,2018,03,00,63,63,7.4,1.2,
24,01,2018,05,30,67,67,5.6,1,
24,01,2018,05,30,76,76,7.4,1.2,
24,01,2018,06,00,76,76,7.4,1.2,
24,01,2018,06,30,76,76,7.4,1.2,
24,01,2018,07,00,88,88,11.1,1.1,
24,01,2018,07,30,88,88,9.3,0.5,
24,01,2018,08,00,94,94,18.5,0.5,
24,01,2018,08,30,87,87,11.1,0,
24,01,2018,08,30,100,100,13.0,0.5,
24,01,2018,09,00,94,94,11.1,0.6,
24,01,2018,10,00,72,72,7.4,0.7,
24,01,2018,10,30,63,63,5.6,0.9,
24,01,2018,11,00,59,59,5.6,0.9,
24,01,2018,11,30,45,45,5.6,1,
24,01,2018,12,30,43,43,7.4,1.2,
24,01,2018,13,00,43,43,7.4,1.9,
24,01,2018,13,30,43,43,9.3,1.9,
24,01,2018,14,00,40,40,11.1,1.9,
24,01,2018,14,30,26,26,11.1,1,
24,01,2018,14,30,37,37,9.3,1.9,
24,01,2018,15,00,37,37,9.3,1.9,
24,01,2018,15,30,33,33,11.1,2.2,
24,01,2018,16,00,33,33,11.1,2.5,
24,01,2018,16,30,37,37,11.1,2.5,
24,01,2018,17,00,40,40,7.4,2.5,
24,01,2018,17,30,28,28,3.7,2,
24,01,2018,17,30,37,37,9.3,2.5,
24,01,2018,18,00,40,40,7.4,2.2,
24,01,2018,18,30,40,40,5.6,2.2,
24,01,2018,19,00,40,40,3.7,1.9,
24,01,2018,20,00,42,42,7.4,1.9,
24,01,2018,20,30,34,34,9.3,1,
24,01,2018,20,30,45,45,13.0,1.9,
24,01,2018,21,30,52,52,7.4,1.2,
24,01,2018,22,00,52,52,5.6,1.2,
24,01,2018,22,30,52,52,5.6,1.2,
25,01,2018,02,00,82,82,3.7,1.2,
25,01,2018,02,30,82,82,3.7,1,
25,01,2018,03,30,93,93,0.0,1.2,
25,01,2018,04,00,100,100,0.0,1.2,
25,01,2018,05,00,93,93,0.0,1.2,
25,01,2018,05,30,96,96,0.0,1,
25,01,2018,05,30,100,100,0.0,1.2,
25,01,2018,06,00,100,100,0.0,1.1,
25,01,2018,06,30,100,100,0.0,1.1,
25,01,2018,07,00,100,100,0.0,1.1,
25,01,2018,08,00,100,100,0.0,0.6,
25,01,2018,08,30,92,92,0.0,1,
25,01,2018,08,30,100,100,0.0,0.6,
25,01,2018,09,00,94,94,7.4,0.5,
25,01,2018,09,30,88,88,7.4,0.5,
25,01,2018,10,00,77,77,7.4,0.6,
25,01,2018,10,30,67,67,7.4,0.6,
25,01,2018,11,00,63,63,9.3,0.7,
25,01,2018,11,30,48,48,5.6,1,
25,01,2018,11,30,55,55,9.3,0.9,
25,01,2018,12,30,46,46,9.3,1.2,
25,01,2018,13,00,43,43,9.3,1.2,
25,01,2018,13,30,35,35,9.3,1.6,
25,01,2018,14,30,24,24,5.6,1,
25,01,2018,14,30,31,31,11.1,1.6,
25,01,2018,15,00,27,27,11.1,1.6,
25,01,2018,15,30,23,23,7.4,2.2,
25,01,2018,16,00,19,19,9.3,2.5,
25,01,2018,16,30,18,18,9.3,2.5,
25,01,2018,17,00,19,19,9.3,2.5,
25,01,2018,17,30,13,13,5.6,1,
25,01,2018,17,30,20,20,5.6,2.5,
25,01,2018,18,30,30,30,0.0,1.9,
25,01,2018,19,00,34,34,0.0,1.9,
25,01,2018,20,30,33,33,5.6,1,
25,01,2018,20,30,37,37,5.6,1.6,
25,01,2018,21,00,39,39,3.7,1.6,
25,01,2018,22,00,48,48,1.9,1.6,
25,01,2018,22,30,55,55,0.0,1.6,
25,01,2018,23,00,58,58,0.0,1.6,
25,01,2018,23,30,51,51,0.0,1,
26,01,2018,00,00,62,62,0.0,1.6,
26,01,2018,00,30,67,67,0.0,1.2,
26,01,2018,01,30,67,67,0.0,1.2,
26,01,2018,02,30,22,22,0.0,1,
26,01,2018,02,30,67,67,0.0,1.2,
26,01,2018,04,00,71,71,0.0,1.2,
26,01,2018,05,00,76,76,0.0,1.2,
26,01,2018,05,30,78,78,0.0,1,
26,01,2018,06,00,76,76,0.0,1.2,
26,01,2018,07,30,82,82,0.0,0.7,
26,01,2018,08,05,76,76,0.0,0.6,
26,01,2018,08,30,66,66,0.0,0,
26,01,2018,08,30,72,72,0.0,0.6,
26,01,2018,09,05,51,51,0.0,0.7,
26,01,2018,09,30,42,42,5.6,0.9,
26,01,2018,10,30,32,32,9.3,1.2,
26,01,2018,11,30,17,17,5.6,1,
26,01,2018,11,30,28,28,14.8,1.6,
26,01,2018,12,30,22,22,13.0,1.9,
26,01,2018,13,00,19,19,13.0,2.5,
26,01,2018,13,30,20,20,14.8,2.5,
26,01,2018,14,00,17,17,14.8,2.5,
26,01,2018,14,30,11,11,5.6,2,
26,01,2018,15,00,14,14,13.0,2.5,
26,01,2018,15,30,15,15,13.0,2.5,
26,01,2018,16,00,15,15,11.1,2.5,
26,01,2018,16,30,14,14,14.8,2.5,
26,01,2018,17,00,14,14,9.3,2.5,
26,01,2018,17,30,8,8,5.6,2,
26,01,2018,17,30,15,15,5.6,2.5,
26,01,2018,18,00,19,19,0.0,2.5,
26,01,2018,18,30,23,23,1.9,2.2,
26,01,2018,19,00,26,26,3.7,1.6,
26,01,2018,19,30,32,32,0.0,1.6,
26,01,2018,20,00,37,37,0.0,1.6,
26,01,2018,20,30,27,27,0.0,1,
26,01,2018,20,30,34,34,0.0,1.6,
26,01,2018,21,00,36,36,0.0,1.6,
26,01,2018,22,00,42,42,9.3,1.6,
26,01,2018,22,30,48,48,9.3,1.2,
26,01,2018,23,30,43,43,9.3,1,
27,01,2018,00,00,59,59,9.3,1.2,
27,01,2018,00,30,59,59,9.3,1.2,
27,01,2018,01,00,63,63,7.4,1.2,
27,01,2018,02,30,56,56,7.4,1,
27,01,2018,02,30,67,67,7.4,1.2,
27,01,2018,03,00,67,67,7.4,1.2,
27,01,2018,04,30,76,76,7.4,1.2,
27,01,2018,05,30,72,72,5.6,1,
27,01,2018,05,30,76,76,7.4,1.2,
27,01,2018,06,30,82,82,5.6,1.2,
27,01,2018,07,00,87,87,7.4,1.2,
27,01,2018,07,30,82,82,9.3,1.1,
27,01,2018,08,00,88,88,5.6,0.9,
27,01,2018,08,30,76,76,7.4,0,
27,01,2018,08,30,82,82,7.4,0.6,
27,01,2018,09,00,68,68,7.4,0.6,
27,01,2018,09,30,59,59,7.4,0.7,
27,01,2018,10,00,52,52,7.4,0.7,
27,01,2018,10,30,49,49,9.3,0.9,
27,01,2018,11,00,43,43,3.7,1.1,
27,01,2018,11,30,27,27,7.4,1,
27,01,2018,11,30,35,35,7.4,1.2,
27,01,2018,12,00,33,33,9.3,1.9,
27,01,2018,12,30,31,31,7.4,1.9,
27,01,2018,13,00,25,25,5.6,1.9,
27,01,2018,14,00,22,22,7.4,1.9,
27,01,2018,14,30,10,10,9.3,1,
27,01,2018,14,30,17,17,14.8,2.2,
27,01,2018,15,00,16,16,9.3,2.5,
27,01,2018,17,30,8,8,7.4,2,
27,01,2018,18,00,20,20,1.9,2.5,
27,01,2018,18,30,25,25,0.0,1.9,
27,01,2018,19,00,32,32,0.0,1.6,
27,01,2018,19,30,34,34,0.0,1.6,
27,01,2018,20,00,30,30,0.0,1.6,
27,01,2018,20,30,26,26,0.0,1,
27,01,2018,20,30,37,37,0.0,1.2,
27,01,2018,21,00,39,39,0.0,1.6,
27,01,2018,21,30,34,34,13.0,1.2,
27,01,2018,22,00,42,42,9.3,1.6,
27,01,2018,22,30,51,51,7.4,1.2,
27,01,2018,23,00,63,63,7.4,1.2,
27,01,2018,23,30,47,47,9.3,1,
28,01,2018,00,30,77,77,9.3,1.2,
28,01,2018,01,00,67,67,9.3,1.2,
28,01,2018,01,30,72,72,7.4,1.2,
28,01,2018,02,00,77,77,5.6,1.2,
28,01,2018,02,30,66,66,5.6,1,
28,01,2018,02,30,72,72,7.4,1.2,
28,01,2018,03,00,76,76,5.6,1.2,
28,01,2018,04,00,76,76,1.9,1.2,
28,01,2018,04,30,76,76,0.0,1.2,
28,01,2018,05,00,82,82,0.0,1.2,
28,01,2018,05,30,70,70,0.0,1,
28,01,2018,05,30,76,76,0.0,1.2,
28,01,2018,06,00,82,82,0.0,1.2,
28,01,2018,07,00,82,82,5.6,1.2,
28,01,2018,07,30,82,82,5.6,0.9,
28,01,2018,08,00,76,76,7.4,0.7,
28,01,2018,08,30,49,49,3.7,1,
28,01,2018,08,30,77,77,3.7,0.7,
28,01,2018,09,00,55,55,7.4,0.9,
28,01,2018,09,30,52,52,9.3,1.0,
28,01,2018,10,00,46,46,9.3,1.1,
28,01,2018,10,30,43,43,5.6,1.1,
28,01,2018,11,00,37,37,7.4,1.1,
28,01,2018,11,30,29,29,7.4,1,
28,01,2018,11,30,33,33,7.4,1.1,
28,01,2018,12,00,31,31,9.3,1.6,
28,01,2018,12,30,35,35,9.3,1.9,
28,01,2018,13,00,27,27,7.4,1.9,
28,01,2018,13,30,25,25,9.3,1.9,
28,01,2018,14,00,25,25,9.3,1.9,
28,01,2018,14,30,14,14,5.6,2,
28,01,2018,14,30,22,22,7.4,2.5,
28,01,2018,15,00,21,21,11.1,2.5,
28,01,2018,15,30,19,19,7.4,3.1,
28,01,2018,16,00,18,18,9.3,3.1,
28,01,2018,17,00,19,19,7.4,3.1,
28,01,2018,17,30,14,14,3.7,2,
28,01,2018,17,30,22,22,5.6,3.1,
28,01,2018,18,00,23,23,0.0,3.1,
28,01,2018,18,30,31,31,0.0,2.5,
28,01,2018,19,00,33,33,0.0,2.2,
28,01,2018,19,30,37,37,0.0,2.2,
28,01,2018,20,00,40,40,0.0,1.6,
28,01,2018,20,30,27,27,0.0,1,
28,01,2018,20,30,37,37,0.0,1.6,
28,01,2018,22,00,42,42,0.0,1.2,
28,01,2018,23,30,33,33,0.0,1,
29,01,2018,00,00,45,45,11.1,1.2,
29,01,2018,00,30,45,45,11.1,1.2,
29,01,2018,01,00,48,48,11.1,1.2,
29,01,2018,01,30,45,45,13.0,1.2,
29,01,2018,02,00,48,48,9.3,1.2,
29,01,2018,02,30,40,40,5.6,1,
29,01,2018,03,30,58,58,0.0,1.2,
29,01,2018,04,30,62,62,0.0,1.2,
29,01,2018,05,00,62,62,0.0,1.2,
29,01,2018,05,30,57,57,0.0,1,
29,01,2018,05,30,67,67,0.0,1.2,
29,01,2018,06,00,62,62,0.0,1.2,
29,01,2018,06,30,67,67,0.0,1.2,
29,01,2018,07,00,67,67,0.0,1.2,
29,01,2018,07,30,62,62,0.0,1.2,
29,01,2018,08,00,62,62,0.0,1.1,
29,01,2018,08,30,44,44,0.0,1,
29,01,2018,08,30,55,55,0.0,1.1,
29,01,2018,09,00,42,42,1.9,1.1,
29,01,2018,10,00,31,31,9.3,1.6,
29,01,2018,10,30,29,29,7.4,1.9,
29,01,2018,11,00,29,29,5.6,1.9,
29,01,2018,11,30,19,19,5.6,1,
29,01,2018,12,00,25,25,7.4,1.9,
29,01,2018,12,30,26,26,7.4,2.2,
29,01,2018,13,00,23,23,3.7,2.5,
29,01,2018,13,30,21,21,0.0,2.5,
29,01,2018,14,00,20,20,7.4,2.5,
29,01,2018,14,30,15,15,3.7,2,
29,01,2018,14,30,18,18,5.6,2.5,
29,01,2018,15,00,17,17,1.9,2.5,
29,01,2018,15,30,17,17,3.7,2.5,
29,01,2018,16,00,17,17,5.6,2.5,
29,01,2018,17,00,18,18,9.3,2.5,
29,01,2018,17,30,12,12,7.4,2,
29,01,2018,17,30,20,20,7.4,2.5,
29,01,2018,18,30,25,25,0.0,1.9,
29,01,2018,19,00,27,27,0.0,1.6,
29,01,2018,19,30,27,27,0.0,1.6,
29,01,2018,20,00,31,31,0.0,1.6,
29,01,2018,20,30,39,39,0.0,1,
29,01,2018,21,00,40,40,0.0,1.6,
29,01,2018,21,30,42,42,0.0,1.6,
29,01,2018,22,30,48,48,0.0,1.6,
29,01,2018,23,00,37,37,0.0,1.6,
30,01,2018,00,00,42,42,0.0,1.6,
30,01,2018,00,30,45,45,0.0,1.6,
30,01,2018,01,00,45,45,0.0,1.6,
30,01,2018,02,30,46,46,0.0,1,
30,01,2018,03,00,51,51,0.0,1.6,
30,01,2018,03,30,55,55,0.0,1.6,
30,01,2018,04,00,59,59,0.0,1.6,
30,01,2018,05,30,68,68,0.0,1,
30,01,2018,05,30,63,63,0.0,1.6,
30,01,2018,07,30,62,62,0.0,1.2,
30,01,2018,08,00,58,58,0.0,0.6,
30,01,2018,08,30,48,48,1.9,1,
30,01,2018,08,30,55,55,0.0,0.6,
30,01,2018,09,00,40,40,0.0,0.7,
30,01,2018,09,30,35,35,0.0,0.9,
30,01,2018,10,00,29,29,0.0,0.9,
30,01,2018,10,30,27,27,0.0,1.2,
30,01,2018,11,00,22,22,9.3,1.2,
30,01,2018,11,30,14,14,9.3,1,
30,01,2018,11,30,22,22,11.1,1.9,
30,01,2018,12,00,20,20,11.1,1.9,
30,01,2018,12,30,16,16,11.1,1.9,
30,01,2018,13,00,14,14,11.1,1.9,
30,01,2018,13,30,15,15,13.0,1.9,
30,01,2018,14,30,9,9,5.6,2,
30,01,2018,14,30,15,15,11.1,2.5,
30,01,2018,15,00,16,16,11.1,2.5,
30,01,2018,15,30,15,15,13.0,2.5,
30,01,2018,16,00,14,14,9.3,2.5,
30,01,2018,17,00,15,15,13.0,2.5,
30,01,2018,17,30,9,9,7.4,2,
30,01,2018,17,30,16,16,7.4,2.5,
30,01,2018,18,00,16,16,7.4,2.5,
30,01,2018,18,30,21,21,5.6,2.2,
30,01,2018,19,30,29,29,0.0,1.6,
30,01,2018,20,00,33,33,0.0,1.6,
30,01,2018,20,30,26,26,0.0,1,
30,01,2018,21,00,37,37,0.0,1.6,
30,01,2018,21,30,42,42,0.0,1.6,
30,01,2018,23,00,33,33,7.4,1.6,
30,01,2018,23,30,22,22,0.0,1,
